0,,,
"SADD R2, R0, RCT","SADD R2, R0, RCT","SADD R2, R0, RCT","SADD R2, R0, RCT"
"SADD R2, R0, RCT","SADD R2, R0, RCT","SADD R2, R0, RCT","SADD R2, R0, RCT"
"SADD R2, R0, RCT","SADD R2, R0, RCT","SADD R2, R0, RCT","SADD R2, R0, RCT"
"SADD R2, R0, RCT","SADD R2, R0, RCT","SADD R2, R0, RCT","SADD R2, R0, RCT"
1,,,
"SADD R2, R2, RCB","SADD R2, R2, RCB","SADD R2, R2, RCB","SADD R2, R2, RCB"
"SADD R2, R2, RCB","SADD R2, R2, RCB","SADD R2, R2, RCB","SADD R2, R2, RCB"
"SADD R2, R2, RCB","SADD R2, R2, RCB","SADD R2, R2, RCB","SADD R2, R2, RCB"
"SADD R2, R2, RCB","SADD R2, R2, RCB","SADD R2, R2, RCB","SADD R2, R2, RCB"
2,,,
"SADD R2, R2, RCL","SADD R2, R2, RCL","SADD R2, R2, RCL","SADD R2, R2, RCL"
"SADD R2, R2, RCL","SADD R2, R2, RCL","SADD R2, R2, RCL","SADD R2, R2, RCL"
"SADD R2, R2, RCL","SADD R2, R2, RCL","SADD R2, R2, RCL","SADD R2, R2, RCL"
"SADD R2, R2, RCL","SADD R2, R2, RCL","SADD R2, R2, RCL","SADD R2, R2, RCL"
3,,,
"SADD R1, R2, RCR","SADD R1, R2, RCR","SADD R1, R2, RCR","SADD R1, R2, RCR"
"SADD R1, R2, RCR","SADD R1, R2, RCR","SADD R1, R2, RCR","SADD R1, R2, RCR"
"SADD R1, R2, RCR","SADD R1, R2, RCR","SADD R1, R2, RCR","SADD R1, R2, RCR"
"SADD R1, R2, RCR","SADD R1, R2, RCR","SADD R1, R2, RCR","SADD R1, R2, RCR"
